단원,단어,뜻
01 단원,significant,"중요한; 의미 있는; 상당한, 아주 큰"
01 단원,exhibit,"보이다, 보여 주다; 전시하다; 전시품; 전시회"
01 단원,demonstrate,"입증하다, 증명하다; (행동으로) 보여 주다, 설명하다; 시위운동을 하다"
01 단원,mislead,오도[호도]하다; 속이다
01 단원,patent,특허(권); 특허의; 특허를 받다
01 단원,categorize,"분류하다, 범주에 넣다"
01 단원,innovate,쇄신[혁신]하다
01 단원,negotiator,"협상자, 교섭자"
01 단원,abstraction,추상 (작용); 추상적 개념; 추출
01 단원,statue,"조각상, (동)상"
01 단원,rust,"녹; 녹슬다, 부식시키다"
01 단원,execute,"실행하다, 수행하다; 처형하다, 사형하다"
01 단원,neglect,"무시하다, 등한시하다; 게을리하다; ~하지 않다; 무시, 경시; 부주의; 태만; 불이행"
01 단원,invoke,"(근거로) 들다[언급하다]; (법을) 발동[실시]하다; (법에) 호소하다; (신에게) 기원하다, 간구하다"
01 단원,superstition,미신; 미신적 행위[관습]
01 단원,anchor,닻; 종합 사회자; 닻을 내려 정박시키다; 고정시키다
01 단원,dangle,"(달랑) 매달리다, 흔들흔들하다; (남에게 붙어) 따라 다니다"
01 단원,expedition,"탐험, 원정; 탐험대, 원정대; 신속, 급속"
01 단원,exception,"예외, 이례; 제외; 이의, 반대"
01 단원,rear,"뒤(쪽), 배후; 뒤쪽의; 기르다, 교육하다"
01 단원,rare,"보기 드문, 희귀한; 진귀한; 살짝 익힌"
01 단원,discard,"버리다, 폐기하다; (사람을) 저버리다, 해고하다"
01 단원,discord,"불일치, 불화; 불협화음"
01 단원,objective,"객관적인; 물체의, 물질적인; <철학> 실증적인; 목적, 목표"
01 단원,come up with,~을 만들어 내다[생산하다]; ~을 제시[제안]하다
01 단원,at first glance,"언뜻 보기에는, 처음에는"
01 단원,wipe out,~을 완전히 없애다[말살시키다]
01 단원,cannot help but do,~하지 않을 수 없다
01 단원,in the presence of,"~이 있을 때, ~가 있는 데서"
01 단원,cut off,"~을 잘라 내다; ~을 차단하다, ~을 가로막다"
02 단원,interaction,상호 작용[영향]
02 단원,grateful,"감사하는, 고마워하는"
02 단원,regulate,"규제하다, 통제하다; 조절[조정]하다"
02 단원,administer,관리[운영]하다; (법률·재판 등을) 집행[시행]하다; 주다; (약을) 투여하다
02 단원,detrimental,"해로운, 불리한"
02 단원,favorable,"호의적인; 찬성하는; 유리한, 형편에 알맞은"
02 단원,occupy,"(지위·일자리를) 차지하다; 사용하다, 점유하다"
02 단원,subconscious,잠재의식적인; 잠재의식
02 단원,acquaintance,"아는 사람, 지인; 면식(이 있음), 친분; 지식, (사물에) 밝음"
02 단원,colleague,"동료, 동업자"
02 단원,coexist,공존하다
02 단원,seedling,묘목
02 단원,explode,"폭발하다[시키다], 터지다; (인구 등이) 폭발적으로 증가하다"
02 단원,stir,"휘젓다, 뒤섞다; 움직이다[흔들리다]; 자극하다, 동요시키다; 휘젓기, 뒤섞기; 동요"
02 단원,irresistible,저항할[억누를] 수 없는; 너무 유혹적인
02 단원,deduce,"(결론·진리 등을) 추론[추정]하다, 연역(演繹)하다"
02 단원,pollinator,수분[꽃가루] 매개자
02 단원,violation,"위반, 위배; 방해, 침해"
02 단원,violence,폭력; 격렬함
02 단원,ascend,"오르다, 상승하다; 승진하다"
02 단원,assent,"동의하다, 찬성하다; 찬성; 승인"
02 단원,underlie,~의 기저를 이루다; ~의 밑에 있다
02 단원,underline,밑줄을 긋다; 강조하다; 밑줄
02 단원,attribute,"~의 탓[덕분]으로 돌리다; (성질 등이) 있다고 생각하다; (…이) ~의 것이라고 생각하다; 속성, 특질"
02 단원,take ~ into account,"~을 고려하다, ~을 참작하다[계산에 넣다]"
02 단원,at the expense of,"~을 희생하여, ~의 비용을 대가로"
02 단원,keep up with,~에 뒤처지지 않고 따라가다; 시류를 따르다; ~와 계속 연락하고 지내다
02 단원,lag behind,~보다 뒤처지다[낙후되다]
02 단원,in vain,"허사가 되어, 헛되이"
02 단원,do away with,~을 폐지하다[버리다]; ~을 처분하다
03 단원,respondent,"응답자; 응하는, 반응하는"
03 단원,entail,(필연적으로) 수반하다; (비용·노력 등을) 필요로 하다
03 단원,sophisticated,"세련된, 지적인; (기계 등이) 정교한"
03 단원,elaborate,"정교한, 공들인; 자세히 말하다; 공들여 만들다; 다듬다"
03 단원,receptor,(인체의) 수용기[감각기]
03 단원,prescribe,"처방하다; 규정하다, 지시하다"
03 단원,acute,"심각한; 격렬한; (질병이) 급성의; (생김새가) 날카로운, 예리한"
03 단원,reflection,"(거울 등에 비친) 상[모습]; 반사; 반영; 숙고, 반성"
03 단원,stabilize,"안정되다, 안정[고정]시키다"
03 단원,elimination,"제거, 배제"
03 단원,profitable,"유익한, 이익이 되는; 수익성이 높은"
03 단원,spherical,"구 모양의, 구형의; 천체의"
03 단원,figurative,"비유적인; 회화[조소]적 표현의, 형상적인"
03 단원,cohesive,"화합하는, 단결된; 응집[점착]력이 있는"
03 단원,suspension,"매달리기; 일시 정지; 정학; 연기, 보류"
03 단원,dense,"밀집한, 빽빽한; (인구가) 조밀한; (안개 등이) 짙은; 농후한"
03 단원,considerable,"상당한, 많은; 중요한, 무시할 수 없는"
03 단원,considerate,"배려하는, 사려 깊은; 이해심이 있는"
03 단원,laboratory,"실험실, 실습실; 실험실(용)의, 실습의"
03 단원,monetary,"통화[화폐]의; 금전(상)의, 재정적인"
03 단원,momentary,"순간적인, 잠깐의"
03 단원,longevity,장수; 수명
03 단원,longitude,"경도(經度), 경선(經線)"
03 단원,matter,"문제, 일; 사건, 사태; 물질; 물체; 재료; 중요하다, 문제가 되다"
03 단원,be used to -ing,~을 하는 것에 익숙하다
03 단원,be accustomed to -ing,"~을 하는 것에 익숙하다, ~을 하는 것이 습관이 되다"
03 단원,interfere with,~을 방해하다
03 단원,make the most of,~을 최대한 활용하다
03 단원,insofar as,"~하는 한, ~하는[인] 한에 있어서(는)"
03 단원,do without,~ 없이 지내다[해내다]
04 단원,registration,"등록, 기재; (우편물의) 등기"
04 단원,notion,"생각, 개념; 의견"
04 단원,fiber,"섬유; 섬유 조직; 소질, 기질"
04 단원,refine,(물질을) 정제[제련/정련]하다; 세련되게 하다; 개선하다
04 단원,trajectory,"궤적, 궤도; 탄도(彈道)"
04 단원,strain,"부담, 압박; 긴장, 팽팽함; (근육의) 긴장, 염좌; 잡아당기다, 팽팽하게 하다"
04 단원,tension,"긴장 (상태), 팽팽함; 팽팽하게 하다"
04 단원,drawback,"결점, 문제점"
04 단원,fertilize,"(토지를) 비옥하게 하다, 비료를 주다; 수정시키다"
04 단원,conceivable,"생각할 수 있는, 상상할 수 있는"
04 단원,legitimate,"합법적인; 타당한, 정당한; 합법화하다"
04 단원,legal,법률의; 합법적인
04 단원,splash,"(물·흙탕물 등을) 튀(기)다; (흙탕물 등이) 튄 것, 얼룩"
04 단원,suspicion,"혐의, 의혹, 의심"
04 단원,skepticism,"회의; 회의론, 회의적 태도"
04 단원,deprivation,"박탈; 면직; 결핍, 빈곤"
04 단원,hostility,"적의, 적대(감); (생각·계획 등에 대한) 반대, 대립"
04 단원,hospitality,"환대, 후한 대접; 친절"
04 단원,alienate,"소외시키다, 소외감을 느끼게 하다"
04 단원,alleviate,"(고통 등을) 덜다, 경감하다, 완화하다"
04 단원,renovate,"개조하다, 수선하다; 혁신하다, 쇄신하다"
04 단원,imminent,"(위험 등이) 임박한, 목전의"
04 단원,eminent,"저명한; 뛰어난, 탁월한"
04 단원,spare,"~당하지 않게 하다, 면하게 하다; 아끼다, 절약하다; 나누어 주다, 할애하다; 남는, 여분의; 예비의; 검소한, 절약하는"
04 단원,make sense,"말이 되다, 타당하다; 의미가 통하다"
04 단원,by definition,"당연히, 분명히; 본질적으로; 정의상, 의미상"
04 단원,make up for,"(손실을) 보상[보전]하다, 벌충하다"
04 단원,compensate for,~을 보상하다; ~을 보충[보완]하다
04 단원,keep ~ away from …,"~을 …에서 멀리 두다, ~가 …에 가까이 가지 못하게 하다"
04 단원,draw ~ into …,~을 …에 끌어들이다
05 단원,bias,"편견, 선입견; 성향; 편견을 갖게 하다"
05 단원,atmosphere,"대기, 공기; 분위기, 기운"
05 단원,identical,"동일한, 똑같은"
05 단원,distinct,"뚜렷이 다른, 별개의; 뚜렷한, 분명한"
05 단원,ritual,"의식, 제식; 의식의, 의례적인"
05 단원,mindset,"사고방식, 태도"
05 단원,impair,"손상시키다, 해치다"
05 단원,undermine,기반을 약화시키다; (명성 등을) 손상시키다
05 단원,scratch,"(가려운 데를) 긁다; 할퀴다; 긁음; 긁힌 자국, 찰과상"
05 단원,ape,유인원; 흉내 내다
05 단원,stalk,"줄기; 몰래 접근하다, 스토킹하다; 활보하다"
05 단원,sprint,전력 질주하다; 전력 질주; 단거리 경기
05 단원,maximization,극대화
05 단원,tease,"놀리다; 곯리다, 괴롭히다; 곯리기; 곯리는 사람"
05 단원,rejoice,크게 기뻐하다; 축하하다
05 단원,mourn,(불행 등을) 슬퍼하다; 애도하다
05 단원,appliance,"(가정용) 기기; 전기 제품[기구]; 응용, 적용"
05 단원,compliance,"(법·명령 등의) 준수, 따름"
05 단원,deem,"(~으로) 여기다, 생각하다"
05 단원,doom,"(나쁜) 운명, 파멸; 운명을 정하다"
05 단원,deviation,"벗어남, 일탈 (행위), 탈선"
05 단원,distress,"고통, 괴로움; 곤란, 곤궁; 괴롭히다, 고통스럽게 하다"
05 단원,distrust,불신; 의혹; 불신하다; 의심하다
05 단원,minute,"미세한, 아주 작은; 사소한; 상세[정밀]한, 철저한; 세심한; (시간·각도 단위의) 분; 순간; (pl.)회의록"
05 단원,take over,"이어받다, 인계받다; 인수하다; (정권 등을) 장악하다"
05 단원,cast one’s eye on,"~에 눈길을 주다, ~을 바라보다"
05 단원,put up with,"~을 참다, ~을 견디다"
05 단원,come down with,(별로 심각하지 않은 병에) 걸리다[들다]
05 단원,last but not least,마지막(이지만 마찬가지로 중요한 것)으로
05 단원,dwell on,~을 곰곰이 생각하다; ~을 자세히 설명하다
06 단원,capture,"붙잡다, 체포하다; (마음·주의 등을) 사로잡다"
06 단원,liberate,"자유롭게 하다, 해방하다; 석방하다"
06 단원,infant,"유아, 소아; 유치원생; 유아용의; 초기의"
06 단원,sustain,"지탱하게 하다, 지속하다; (생명을) 유지하다"
06 단원,portion,"일부, 부분; 몫;(음식의)1인분; (부분·몫으로) 분배하다"
06 단원,fierce,"사나운, 잔인한; (감정 등이) 격렬한, 맹렬한"
06 단원,brutal,"잔혹한, 무자비한; 야만적인"
06 단원,assimilation,"동화 (작용), 융합; 흡수"
06 단원,validate,"입증하다, 승인[인정]하다; (법적으로) 유효하게 하다, 비준(批准)하다"
06 단원,conquer,"정복하다, 이기다; (곤란 등을) 극복하다; (명성 등을) 획득하다"
06 단원,enable,가능하게 하다; ~을 할 수 있게 하다
06 단원,forbid,금(지)하다; ~을 어렵게[못 하게] 하다
06 단원,starve,"굶주리다[굶기다], 굶어 죽다; 갈망하다, 갈망하게 하다"
06 단원,cram,"밀어 넣다, 채워 넣다; 벼락치기 공부를 하다"
06 단원,nourish,기르다; ~에 영양분을 주다
06 단원,televise,"TV로 방송하다, 방영하다"
06 단원,resent,"분개하다, 원망하다"
06 단원,withdraw,"움츠리다, 뒤로 빼다; 철수하다[시키다], 물러나다; (통화·서적 등을) 회수하다, 거둬들이다"
06 단원,withstand,"견디다, 버티다; 저항하다"
06 단원,withhold,"억제하다, 숨기다; (승낙 등을) 보류하다, 주지 않다"
06 단원,mute,"무언의, 말없는; 말을 못하는; 소리를 줄이다"
06 단원,mutual,"상호 간의, 서로의"
06 단원,mutate,돌연변이하다[시키다]; 변형되다[시키다]
06 단원,credit,"신용(도), 신뢰; 신용 거래; 공, 명예, 영예; 명성, 평판; 믿다, 신용하다; (공로 등을) ~에게 돌리다, ~에게 (…이) 있다고 믿다"
06 단원,account for,"(부분·비율을) 차지하다; ~을 설명하다, ~을 해명하다"
06 단원,come into play,작동[활동]하기 시작하다
06 단원,the chances are that,"아마 ~일 것이다, ~할 가능성이 높다"
06 단원,come into contact with,~와 접촉하다[마주치다]
06 단원,give rise to,"~을 낳다[일으키다], ~이 생기게 하다"
06 단원,end up -ing,결국 ~하게 되다
07 단원,characteristic,"특징, 특성, 특질; 특유의, 특징적인"
07 단원,norm,"표준, 기준; 규범, 모범"
07 단원,criterion,"기준, 척도(pl.criteria)"
07 단원,reproduction,"생식, 번식; 재생[재현]; 복제; 복사물"
07 단원,architectural,"건축의, 건축(학)상의"
07 단원,axis,"(사물의) 축, 축선; 중심선"
07 단원,navigate,항행[항해]하다; 헤치고 나아가다; (배·비행기를) 조종[운전]하다; 검색하다
07 단원,steer,"조종하다, ~의 키를 잡다;; (어떤 방향으로) 돌리다; (특정 방향으로) 움직이다, 나아가다"
07 단원,neural,신경(계)의
07 단원,fragile,"깨지기[부서지기] 쉬운, 취약한; 허약한"
07 단원,delicate,"부서지기 쉬운, 연약한; (감촉·자태가) 섬세한, 우아한; (감각·감정이) 민감한, 세심한"
07 단원,sweeper,청소부; 청소기; 관리인
07 단원,decay,"부패, 부식; 쇠퇴, 퇴락; 부패하다, 썩다; 쇠퇴하다, 퇴락하다"
07 단원,thorn,(식물의) 가시; 가시나무; 고통을 주는 것
07 단원,encompass,"포함하다, 망라하다; 에워싸다, 둘러싸다"
07 단원,testimony,"증거, 증언"
07 단원,destination,"목적지, 도착지; 목적"
07 단원,destiny,"운명, 숙명"
07 단원,embrace,"감싸다, 껴안다; 받아들이다, 포용하다; 포괄하다, 포함하다"
07 단원,counteract,"(악영향 등에) 대응하다, 방지하다"
07 단원,counterpart,"상응자[물], 대응자[물]"
07 단원,dispense,"분배하다, 나누어 주다; 베풀다; (약을) 조제하다"
07 단원,disperse,"분산[해산]시키다, 흩어지다"
07 단원,degree,"정도, 등급; 학위; 계급; (온도·각도·경위도 등의) 도(度)"
07 단원,pay off,"결실을 맺다, 성공하다; ~을 다 갚다"
07 단원,discourage ~ from -ing,"~가 …하는 것을 단념시키다, ~가 …하지 않도록 방해하다"
07 단원,be concerned about,"~에 관해 신경 쓰다, ~에 대해 걱정[우려]하다"
07 단원,come to an end,"끝나다, 종결되다; 죽다"
07 단원,leap to a conclusion,"속단하다, 성급한 결론을 내리다"
07 단원,engage with,~와 관계를 맺다; ~에 관여하다
08 단원,rely,"의존[의지]하다; 신뢰하다, 믿다"
08 단원,critic,"비평가, 평론가"
08 단원,vivid,"생생한, 눈에 보이는 듯한; (색·빛 등이) 선명한, 밝은; 활발한, 힘찬"
08 단원,pale,창백한; 활기 없는; (색이) 옅은; (빛이) 희미한; 창백[흐릿]해지다
08 단원,resilience,"회복[복원]력; 탄성, 탄력(성)"
08 단원,astronomer,천문학자
08 단원,basin,"웅덩이; (하천의) 유역, 분지; 양푼, 대야"
08 단원,famine,"기근, 기아; (물자의) 심한 부족"
08 단원,superficial,"외관상의, 표면상의; 피상적인, 깊이 없는; (상처 등이) 얕은"
08 단원,profound,"(지식·이해 등이) 깊은, 심오한; 엄청난"
08 단원,functionality,"기능성, 실용성"
08 단원,swell,"부풀[리]다, 팽창하다[시키다]; 부어오르다; (파도가) 넘실거리다; 부풀기, 팽창; (파도의) 넘실거림"
08 단원,advocate,"지지자, 옹호자; 지지하다, 옹호하다"
08 단원,opponent,"대항자, 반대자, 상대; 반대하는, 적대하는"
08 단원,revive,소생하다[시키다]; 활기를 되찾다[되찾게 하다]; 재개하다; 부흥[부활]시키다
08 단원,triumph,승리; 대성공; 승리를 거두다; 성공하다
08 단원,edible,"먹을 수 있는, 식용의; 식품, 음식"
08 단원,perspective,"시각, 관점; 원근법"
08 단원,respective,"각자의, 각각의"
08 단원,prospective,"장래의, 미래의; 가망이 있는, 유망한"
08 단원,dissent,"이의, 반대, 불찬성; 반대하다, 이의를 말하다"
08 단원,decent,"(수준·질이) 괜찮은, 쓸 만한; 품위 있는, 예의 바른; (상황에) 적절한, 온당한"
08 단원,descent,"하강, 강하; 내리막; 가계, 혈통"
08 단원,due,"~으로 인한, ~ 때문인; ~하기로 되어 있는[예정된]; 지급 기일이 된, 만기의; 정당한; 적당한"
08 단원,in terms of,"~의 측면에서, ~에 관해서"
08 단원,down the road,"앞으로, 장차 언젠가는"
08 단원,dispose of,~을 없애다[처리하다]; (문제 등을) 처리[해결]하다
08 단원,catch up with,~을 따라잡다; ~를 체포하다
08 단원,let alone,"~은 말할 것도 없이, ~은 고사하고"
08 단원,enroll in,~에 등록하다
09 단원,merge,융합하다[시키다]; 합병하다[시키다]
09 단원,separate,"분리되다[하다]; 떼어 놓다; 분리된, 별개의"
09 단원,adolescent,"청소년[사춘기의 사람], 젊은이; 청소년기[사춘기]의, 청춘의"
09 단원,synthetic,"합성한, 인조의; 종합적인; 인조[합성] 물질"
09 단원,flavor,"맛, 풍미; 멋, 운치; 맛을 내다, 풍미를 곁들이다"
09 단원,transit,"운송; 통과, 횡단; 환승; 변이, 변천; 운송하다; 통과하다, 횡단하다"
09 단원,variable,"변하기 쉬운, 가변적인; 변수"
09 단원,spill,"엎지르다, 흘리다; 쏟아지다, 넘치다; 유출(물); 엎지름"
09 단원,vague,"희미한, 어렴풋한; (형태 등이) 모호한, 애매한; 멍청한"
09 단원,apparent,"분명한, 명백한; 외관상의"
09 단원,geometry,기하학
09 단원,symbiotic,"공생의, 공생하는"
09 단원,overflow,"넘치다; 범람하다; (감정이) 가득 차다, 충만하다; 넘침; 범람; 과잉, 과도"
09 단원,botanical,식물학(상)의
09 단원,trim,"다듬다, 손질하다; (불필요한 부분을) 잘라 내다; 다듬기; 정돈"
09 단원,hemisphere,(지구의) 반구; (뇌의) 반구; 반구체
09 단원,consciousness,"의식, 자각"
09 단원,conscience,"양심, 도의심"
09 단원,humiliation,"굴욕, 수치; 창피 주기"
09 단원,humility,"겸손, 겸양, 스스로 낮춤"
09 단원,externalize,"(내적인 것을) 외면화하다, 객관화하다"
09 단원,prosecute,"기소하다, 공소하다"
09 단원,persecute,"(종교·정치적 이유로) 박해하다, 괴롭히다"
09 단원,patient,"참을성[인내심]이 있는, 잘 견디는; 끈기 있는, 근면한; 지속적인; (해석 등을) 허용하는, 여지가 있는; 병자, 환자"
09 단원,derive ~ from …,~을 …에서 얻다[끌어내다]
09 단원,stem from,"~에서 비롯되다, ~에서 유래하다"
09 단원,equip ~ with …,"~에 …을 갖추게 하다, ~에 …을 제공하다"
09 단원,all of a sudden,"갑자기, 느닷없이"
09 단원,let go of,"(쥐고 있던 것을) 놓다; (생각·태도 등을) 버리다, 포기하다"
09 단원,give way to,"~으로 바뀌다; ~에 굽히다, ~에게 항복하다"
10 단원,struggle,애쓰다; 분투[고투]하다; 노력; 분투
10 단원,strive,"노력하다, 애쓰다; 분투하다"
10 단원,tangible,"분명히 실재하는, 유형(有形)의; 만질[감지할] 수 있는"
10 단원,dimensional,치수의; 차원의
10 단원,weed,"잡초, 수초; 잡초를 뽑다"
10 단원,bounce,"튀다, 튀게 하다; (사람이) 뛰어오르다; 튐; 뛰어오름"
10 단원,browse,"둘러보다, 훑어보다; (정보를) 열람[검색]하다"
10 단원,alternative,"대체의, 대안의; 대안, 다른 방도"
10 단원,ingredient,"재료, 성분; 구성 요소"
10 단원,greed,탐욕; 식탐
10 단원,tribal,"부족의, 종족의"
10 단원,haul,"(세게) 끌다; 운반하다, 차로 나르다"
10 단원,vertical,"수직의, 세로의"
10 단원,horizontal,"수평(선)의, 가로의; 수평선[면]"
10 단원,presuppose,"예상하다, 미리 추정하다; 전제로 하다"
10 단원,extraction,"뽑아냄, 추출; 혈통, 계통"
10 단원,consume,"소비[소모]하다; 낭비하다; 먹다, 마시다"
10 단원,resume,"재개하다, 다시 시작하다; (권리·건강 등을) 되찾다, 회복하다"
10 단원,consent,"동의, 승낙; (의견의) 일치; 동의하다, 허락하다"
10 단원,content,"함량, 용량; 내용; 목차; 만족한"
10 단원,roam,"돌아다니다, 배회하다"
10 단원,confident,"자신감 있는, 확신하는"
10 단원,confidential,비밀[기밀]의; 은밀한; 신뢰할 수 있는
10 단원,preserve,"지키다, 보호하다; 보존[관리]하다, 유지하다; (음식물을) 저장하다; 소금[설탕]에 절이다; 보존하는 것; 보호 구역"
10 단원,turn out,~인 것으로 드러나다[밝혀지다]; (일·결과 등이 특정 방식으로) 되다
10 단원,far from,"~이라기보다는, 결코 ~이 아닌; ~에서 멀리"
10 단원,by no means,결코 ~이 아닌
10 단원,convert ~ into …,~을 …으로 바꾸다[전환하다]
10 단원,lie in,"~에 있다, ~에 놓여 있다"
10 단원,hit the mark,"예상이 들어맞다, 적중하다; 목표를 달성하다"
11 단원,thorough,"빈틈없는, 철저한; 순전한, 완전한"
11 단원,conventional,"전통적인, 종래의; 관습적인; 틀에 박힌, 전형적인"
11 단원,infrastructure,(사회) 기반 시설; (단체 등의) 하부 조직[구조]
11 단원,analogy,"유사점, 비슷함; 유추"
11 단원,aggregate,"합계, 총액; 총체적인, 합계의; 모으다, 결집시키다; 총계 ~이 되다"
11 단원,extrovert,"외향적인 사람; 외향성의, 외향적인"
11 단원,introvert,"내성[내향]적인 사람; 내성[내향]적인, 내향성의"
11 단원,clinical,"임상의; 병상의; 분석적인, 냉철한"
11 단원,tariff,"관세; 관세표, 관세율; 운임표, 요금표"
11 단원,diminution,"감소, 축소"
11 단원,overvalue,"과대평가하다, 지나치게 중시하다"
11 단원,overestimate,과대평가하다
11 단원,coincide,동시에 일어나다; (생각·의견 등이) 일치하다
11 단원,unveil,"(그림·동상 등의) 덮개[베일]를 벗기다; 공개하다, (비밀 등을) 밝히다"
11 단원,disclose,"(비밀 등을) 밝히다, 털어놓다; (숨은 것을) 드러내다, 노출시키다"
11 단원,contradict,"부정[부인]하다, 반박하다; ~에 모순되다"
11 단원,diverse,"다양한, 가지각색의"
11 단원,reverse,"반대로[거꾸로] 하다; 뒤집다; 반대의; 뒤의; 역, 반대; 뒤"
11 단원,defect,"결함, 결점; 단점; (정당·국가 등을) 버리다"
11 단원,infect,감염[전염]시키다; 오염시키다
11 단원,sabotage,파괴[방해] 행위; 사보타주; (고의로) 방해[파괴]하다; 사보타주하다
11 단원,quote,"인용하다; (가격을) 말하다, 시세를 매기다"
11 단원,quota,"할당량, 한도; 몫; 상품 할당량, 쿼터"
11 단원,sentence,"문장; 판결, 선고; 형벌; 선고하다, 판결하다; 형에 처하다"
11 단원,make up,~을 구성하다[이루다]; 화장하다; (이야기 등을) 지어내다
11 단원,get through,~을 통과하다[빠져나가다]; ~을 해내다[끝내다]; ~에 합격하다
11 단원,a case in point,적절한[딱 들어맞는] 사례
11 단원,cut down on,~을 줄이다
11 단원,make a fool of,"~를 망신 주다, ~를 바보로 만들다"
11 단원,in a nutshell,"아주 간결하게, 요약하자면"
12 단원,surround,"둘러싸다, 에워싸다; 포위하다"
12 단원,discipline,규율; 훈련; 절제력; 학문 (분야)
12 단원,flatter,"아첨하다, 치켜세우다"
12 단원,degrade,품위[평판]를 떨어뜨리다; (질적으로) 저하시키다; (화학적으로) 분해되다[하다]
12 단원,portray,"그리다, 묘사하다; 나타내다"
12 단원,depict,"그리다, 묘사하다"
12 단원,awkward,"(사람·동작 등이) 어색한; 서투른; 불편한, 다루기 힘든; 귀찮은, 난처한"
12 단원,allocate,"배당하다, 할당하다; 배치하다"
12 단원,commodity,"상품, 물품; 일용품, 필수품; 유용한[쓸모 있는] 것"
12 단원,coherent,"일관성 있는, 논리 정연한; 응집성의"
12 단원,biomass,생물량
12 단원,literate,읽고 쓸 수 있는; 박식한; 글을 아는 사람
12 단원,disapprove,못마땅해하다; 비난하다; 찬성[승인]하지 않다
12 단원,patriotic,"애국적인, 애국의"
12 단원,explicit,"명시적인, 명백한; 솔직한, 숨김없는"
12 단원,implicit,함축[암시]적인; 내재하는; 절대적인
12 단원,articulate,"분명히 표현하다; 또렷이 발음하다; 명확히 표현된, 분명한; 논리 정연한"
12 단원,involve,포함[수반]하다; 관련[연루]시키다; 참여시키다
12 단원,evolve,(서서히) 발달하다[시키다]; 진화하다[시키다]
12 단원,revolve,(축을 중심으로) 돌다[회전하다]; 순환하다; (~을 중심으로) 전개하다
12 단원,unanimous,"만장일치의, 이의가 없는"
12 단원,anonymous,"익명의, 작자 불명의; 특색 없는"
12 단원,autonomous,"자치의, 자주적인; (사람이) 자율적인"
12 단원,wind,"구불구불하다, 굽이치다; 감기다, 감다; 바람; 가스; 숨, 호흡"
12 단원,drop off,내려놓다; 감소하다; 잠이 들다
12 단원,give away,"기부하다, 나눠 주다; 양보하다, 양도하다; 폭로하다, 누설하다"
12 단원,think outside the box,틀에서 벗어나[창의적으로] 생각하다
12 단원,distinguish ~ from …,~을 …과 구별하다
12 단원,more often than not,"자주, 대개"
12 단원,in a vacuum,외부와 단절된 상태에서
13 단원,exposure,"노출, 드러냄; 접하기, 체험[경험]하기; 폭로; 적발"
13 단원,revelation,"드러냄, 폭로; (신의) 계시"
13 단원,spatial,"공간의, 공간적인; 우주의"
13 단원,archaeologist,고고학자
13 단원,confine,제한[국한]하다; 가두다; 경계; 한계
13 단원,expand,"(범위·크기를) 넓히다, 확대[확장]하다; (부피를) 팽창시키다"
13 단원,conformity,"순응, 따름, 복종; 유사; 일치"
13 단원,scheme,"계획, 안; 개요; 책략, 음모; 책략을 꾸미다"
13 단원,adjacent,"인접한, 부근의"
13 단원,accumulation,"축적, 누적; 축적물, 모인 돈"
13 단원,hesitation,"주저, 망설임; 우유부단"
13 단원,tolerate,"용인하다, 너그럽게 보아주다; 참다"
13 단원,dismissal,"해고, 해임; 묵살, 일축; (소송의) 기각"
13 단원,layoff,해고[휴직] (기간)
13 단원,peculiar,"이상한, 기이한; 특유한, 고유한"
13 단원,scribble,"휘갈겨 쓰다, 낙서하다; 휘갈겨 쓴 글씨, 낙서"
13 단원,addition,"추가, 부가; 덧셈"
13 단원,addiction,중독; 탐닉
13 단원,radial,"광선의; 방사상의, 복사형의"
13 단원,radical,"근본적인, 기초적인; 급진적인, 과격한; 급진주의자"
13 단원,maturity,"성숙(기), 원숙(기)"
13 단원,hypothesis,가설; 추측(pl.hypotheses)
13 단원,hypnosis,최면 (상태); 최면술
13 단원,article,"기사, 논설; (규칙·계약 등의) 조항, 규약; 물품, 물건; 품목"
13 단원,in favor of,"~에 유리하게, ~의 이익을 위하여; ~에 찬성[지지]하여"
13 단원,go about,~을 시작하다; 계속 ~을 하다
13 단원,a multitude of,다수의
13 단원,in nature,"사실상, 현실적으로; 완전히"
13 단원,opt for,~을 선택하다
13 단원,a dose of,"약간의, 일정량의"
14 단원,independent,"(나라·조직이) 독립된, 자치적인; 독립심이 강한; 자율[자립]적인"
14 단원,interpretation,"해석, 해설; 통역"
14 단원,flexibility,"유연성, 구부리기 쉬움; 융통성"
14 단원,rigidity,"단단함, 경직; 엄격"
14 단원,trace,"자취, 흔적; 극미량, 조금; 추적하다, 찾아내다"
14 단원,default,"불이행; 기본(값), 디폴트; 이행하지 않다"
14 단원,declare,선언[공표]하다; (소득액·과세품을) 신고하다
14 단원,contaminate,오염시키다; 악영향을 주다
14 단원,cheat,"속이다, 사기 치다; 부정행위를 하다; 속임수; 사기꾼"
14 단원,fraud,"사기, 속임수; 사기꾼, 협잡꾼"
14 단원,improvised,"즉흥의, 즉석에서 지은"
14 단원,trade-off,"(대립되는 요소 사이의) 균형; (타협을 위한) 거래, 교환"
14 단원,pharmacy,"약국; 약학, 약제학"
14 단원,meditate,"명상하다, 숙고하다; 꾀하다, 계획하다"
14 단원,displacement,"이동; 대체; 해고, 면직"
14 단원,fluctuation,"변동, 변화; 동요, 불안정"
14 단원,comparative,"비교의, 비교에 의한; 비교적인, 상대적인"
14 단원,comparable,"필적하는, 비교할 수 있는; 비슷한"
14 단원,intricate,"복잡한, 얽힌; 난해한"
14 단원,intrigue,"호기심을 자극하다; 음모를 꾸미다; 음모, 계략"
14 단원,shrub,관목
14 단원,primate,영장류; (가톨릭) 대주교
14 단원,primary,"주된, 주요한; 제1의; 최초의, 초기의; 초보의, 초등의"
14 단원,peer,"동료, 또래; (능력 등이) 동등한 사람; (가치·질이) 동등한 것; 응시하다, 주시하다; (보일 듯 말 듯) 나타나다, 보이기 시작하다"
14 단원,show off,~을 뽐내다[자랑하다]; 돋보이게 하다
14 단원,go all out for,"(~에) 전력을 다하다, 총력을 기울이다"
14 단원,be accused of,~으로 고소[기소]되다; ~으로 비난받다
14 단원,every now and then,"때때로, 가끔"
14 단원,from time to time,"이따금, 가끔"
14 단원,put off,~을 미루다[연기하다]
15 단원,opposite,"반대쪽의, 마주보고 있는; 정반대의; 반대의 사람[일/물건]"
15 단원,accompany,"동반하다, 동행하다; 수반하다, 동시에 일어나다; (악기로) 반주하다"
15 단원,foundation,"토대, 기초; 설립, 창립; 재단"
15 단원,vulnerable,"취약한, 상처[비난]받기 쉬운; 약점이 있는"
15 단원,disrupt,"방해하다, 지장을 주다; 분열시키다, 붕괴시키다"
15 단원,disturb,방해하다; 불안하게 하다; (고요함 등을) 어지럽히다
15 단원,auditory,"청각(기관)의, 귀의"
15 단원,alien,"용납되지 않는; 이질적인; 외국의, 외래의; 외계의; 외국인; 외계인"
15 단원,dispute,"논의, 논쟁; 분쟁; 논의하다, 논쟁하다; 분쟁을 벌이다; 이의를 제기하다, 반박하다"
15 단원,controversy,"논란, 논쟁"
15 단원,interference,"방해, 훼방; 간섭, 참견, 개입"
15 단원,transplant,"이식하다, 옮겨 심다; 이주하다[시키다]; 이식; 이주"
15 단원,doctorate,박사 학위
15 단원,pirate,"해적; 저작권 침해자; 해적 행위를 하다; 약탈하다; 저작권을 침해하다, 불법 복제하다"
15 단원,disgust,"역겹게 하다, 혐오감을 유발하다; 혐오, 역겨움"
15 단원,aversion,"혐오, 싫음, 반감"
15 단원,intention,"의도, 의사; 목적; 개념, 관념"
15 단원,intervention,"개입, 간섭; 조정, 중재"
15 단원,console,"위로하다, 위안을 주다"
15 단원,consolidate,"(권력·지위 등을) 강화하다, 굳히다; 통합하다, 합병하다"
15 단원,simultaneous,"동시의, 동시에 일어나는"
15 단원,transaction,"거래, 업무; 매매"
15 단원,translation,"번역, 통역; 해석"
15 단원,square,정사각형; 광장; 정사각형의; 직각의; 제곱[평방]의; 정사각형으로 만들다
15 단원,drop out,중퇴하다; (참여하던 것에서) 빠지다
15 단원,go off,"(경보기 등이)울리다; 발사되다, 폭발하다; (무엇을 하러) 자리를 뜨다"
15 단원,add up to,결국 ~이 되다; 합계 ~가 되다
15 단원,fall on,"~에게 (책임 등이) 주어지다; (날짜가) ~에 해당하다; 우연히 만나다, 마주치다"
15 단원,put out,(불을) 끄다; (쓰레기 등을) 내다 놓다
15 단원,keep track of,~을 기록하다; ~의 자국을 뒤밟다
16 단원,commercial,상업의; 영리적인; (상업) 광고
16 단원,crime,"범죄, 범행; 죄악"
16 단원,manipulate,"(기계 등을) 잘 다루다, 조작하다; (여론 등을) 조종하다; 교묘하게 조작하다"
16 단원,accelerate,"빠르게 하다, 가속하다; 촉진하다"
16 단원,distract,"(마음·주의 등을) 흩뜨리다, 산만하게 하다; 괴롭히다, 혼란시키다"
16 단원,creep,"기다, 포복하다; 살금살금 움직이다"
16 단원,automate,자동화하다; 자동 조종하다
16 단원,depress,"우울하게 만들다, 낙담하게 하다; 침체시키다; 약화시키다"
16 단원,attract,"(주의·흥미 등을) 끌다; 유인하다, 매혹하다"
16 단원,anatomy,"(해부학적) 구조; 해부, 분석; 해부학"
16 단원,groan,신음하다; 불평하다; 신음 소리; 불평의 소리
16 단원,leverage,"지레의 작용, 지렛대 사용; 이용하다; 영향력; 영향을 주다"
16 단원,plumber,배관공
16 단원,sacred,"성스러운, 신성한; 종교적인"
16 단원,temporal,"현세의, 세속적인; 시간의; 일시적인"
16 단원,analysis,분석; 분해(pl. analyses)
16 단원,personnel,"(pl.)전직원, 총인원; 인사과; 직원의; 인사의"
16 단원,personal,"개인의, 개인적인; 사적인; 인격적인; 사람의"
16 단원,embed,(~에) 꽂아[끼워] 넣다; (마음속에) 깊이 새겨 두다
16 단원,embody,"구현하다, 구체화하다; 통합하다, 포함하다"
16 단원,slope,"경사면, (산)비탈; 경사지다, 기울어지다"
16 단원,ambiguous,"애매한, 모호한; 두 가지 뜻으로 해석되는"
16 단원,ambitious,야망[야심] 있는; 열망하는
16 단원,even,"균등한, 동일한; 일정한; 짝수의; 평평한, 반반한; 고르게 하다; 균형을 맞추다; 심지어, ~조차도; 훨씬"
16 단원,take on,"~을 맡다, ~을 책임지다; 고용하다"
16 단원,go over,~을 검토[조사]하다
16 단원,adhere to,"~을 고수하다, ~을 충실히 지키다"
16 단원,feel free to do,마음 놓고 ~해도 좋다
16 단원,refrain from,~을 삼가다[피하다]
16 단원,hold true,"진실이다; (규칙 등이) 유효하다, 딱 들어맞다"
17 단원,encounter,"만남, 조우; 마주치다, 우연히 만나다"
17 단원,exceed,"넘다, 초과하다; 도를 넘다"
17 단원,transcend,"넘다, 초월하다; 능가하다"
17 단원,mutation,"돌연변이; 변화, 변형"
17 단원,ethnic,민족[종족]의
17 단원,biodiversity,생물 다양성
17 단원,disposal,"처리, 처분; 폐기; 배치, 배열"
17 단원,hatch,"부화하다[시키다], 알이 깨다; 부화"
17 단원,lure,"꾀다, 유혹하다; 유혹, 매력; 미끼"
17 단원,temptation,유혹(물); 마음을 끄는 것
17 단원,valuation,평가; (평가된) 가치
17 단원,enclosure,"울타리를 친 장소, 구내; 동봉(한 것)"
17 단원,anthropological,인류학(상)의
17 단원,descend,"내려오다, 하강하다; 전해지다, 계통을 잇다"
17 단원,feminine,"여성의, 여자의"
17 단원,plunge,뛰어들다; 떨어지다; 뛰어들기; 낙하
17 단원,announce,"발표[공표]하다, 알리다"
17 단원,pronounce,"발음하다; 표명하다, 선언[선고]하다"
17 단원,abstract,"추상적인; 이론적인, 관념적인; 추상화; 개요; 추출하다; 발췌하다; 요약하다"
17 단원,abstain,"삼가다, 자제하다; (투표를) 기권하다"
17 단원,solemn,"엄숙한, 근엄한"
17 단원,comprise,"구성하다, ~로 구성되다; 포함하다"
17 단원,compromise,"타협, 양보; 절충; 타협하다; (명성 등을) 더럽히다, 손상하다"
17 단원,stable,"안정된; 견고한; (성격 등이) 착실한, 지조가 굳은; 마구간, 외양간"
17 단원,make one’s own way,"나아가다, 자신의 길을 개척하다; 출세하다"
17 단원,hit upon,~을 (우연히) 생각해 내다
17 단원,all in all,대체로
17 단원,few and far between,"흔치 않은, 아주 드문"
17 단원,run for,"~에 출마하다, ~에 입후보하다"
17 단원,lay down,"~을 내려놓다; 그만두다, 사임하다; (법 등을) 정하다"
18 단원,illustrate,"설명하다, 예증[예시]하다; 삽화를 쓰다"
18 단원,overwhelm,"압도하다, 제압하다"
18 단원,carpenter,목수[목공]; 목수[목공] 일을 하다
18 단원,exclaim,"소리치다, 외치다"
18 단원,cognition,인식[인지]; 지식
18 단원,disregard,무시[경시]; 무관심; 무시[경시]하다; 소홀히 하다
18 단원,dissolve,"녹다, 용해시키다; (의회·단체 등을) 해산하다; (계약·약속·속박 등을) 해체하다"
18 단원,solidify,"굳어지다, 응고시키다; 단결[결속]시키다; (생각 등을) 확고히 하다"
18 단원,approximation,근사(치); 비슷한[근접한] 것
18 단원,verse,운문; (노래의) 절; (시의) 연; ~에 정통[숙달]하다
18 단원,endow,"기부하다; (능력·자질 등을) 부여하다, 주다"
18 단원,accountable,책임이 있는; 설명할 수 있는
18 단원,predominant,"뛰어난, 우세한; 주된; 지배적인"
18 단원,subordinate,"부차적인; 하위[하급]의, 종속하는; 부하, 하급자; ~을 하위에 두다, 종속시키다"
18 단원,acknowledge,"인정하다, 승인하다; 사례하다, 감사하다"
18 단원,empower,~할 수 있게 하다; (법률상) 권한을 주다
18 단원,explosion,폭발; 폭발적 증가
18 단원,expansion,팽창; 확장[확대]
18 단원,eruption,"(화산의) 폭발, 분화; 분출(물)"
18 단원,erosion,"부식, 침식 (작용)"
18 단원,hollow,"속이 빈, 움푹 꺼진; 공허한; 무의미한; 구멍; 움푹 꺼진 곳"
18 단원,elegant,"우아한, 품위 있는; (과학적으로) 정밀한"
18 단원,eloquent,"능변의, 웅변의; 표현[표정]이 풍부한"
18 단원,principal,"주요한; 제1의, 선두의; 원금의, 자본금의; (단체의) 장, 지배자; 교장, 학장; (연극 등의) 주연; 주동자"
18 단원,stand for,~을 상징[의미]하다; ~을 옹호[찬성]하다
18 단원,hold back,~을 저지[제지]하다; ~을 비밀로 하다
18 단원,approve of,"~을 승인[인정]하다, ~에 찬성하다"
18 단원,find oneself in,~에 있는 신세가 되다
18 단원,search for,~을 찾다; (진리를) 추구[탐구]하다
18 단원,let off,~을 내뿜다; (총을) 발사하다; (폭탄 등을) 터뜨리다
19 단원,paradigm,"모범, 전형적인 예; 패러다임(사고의 체계)"
19 단원,recommend,"추천하다, 권(고)하다"
19 단원,proportion,"비율, 부분; 균형"
19 단원,collaboration,"협업[협력], 공동 작업"
19 단원,fake,"가짜[거짓]의, 위조의; 모조품, 위조품; 위조하다"
19 단원,genuine,"진짜의, 진품의; 진실한, 진심 어린"
19 단원,distortion,"(모양의) 비틀림, 뒤틀림; (사실 등의) 왜곡, 곡해"
19 단원,despair,"절망하다, 체념하다; 절망"
19 단원,modest,"겸손한; 보통의, 적당한"
19 단원,villain,"악당, 악인; (영화 등의) 악역"
19 단원,epidemic,"(병 등의) 유행, 확산; 유행병, 전염병; 유행성의, 전염성의"
19 단원,plague,"전염병; 흑사병; (곤충 등의) 떼, 습격; 괴롭히다, 성가시게 하다"
19 단원,presumable,추정할 수 있는; 있음직한
19 단원,conceit,"자만(심), 자부(심); 상상; 기발한 착상"
19 단원,accusation,"고발, 고소; 비난"
19 단원,humanitarian,"인도주의의, 박애의; 인도주의자"
19 단원,suspect,의심하다; 혐의를 두다; 용의자
19 단원,inspect,"검사[점검]하다, 조사하다; (공장 등을) 사찰하다"
19 단원,enforce,"(법률 등을) 시행[실시]하다, 집행하다; 강요하다"
19 단원,reinforce,"강화하다, 보강하다"
19 단원,swarm,"무리, 떼; 군중; 떼를 지어 다니다"
19 단원,altar,(교회의) 제단
19 단원,alter,"바꾸다, 고치다; 변하다, 달라지다"
19 단원,breed,"새끼를 낳다; 사육하다, 번식시키다; (품종을) 개량하다; 야기하다, 불러오다; 품종"
19 단원,stand out,"두각을 나타내다, 돋보이다"
19 단원,in and of itself,그 자체로(는)
19 단원,first and foremost,"무엇보다도, 가장 중요한 것은"
19 단원,shed light on,"~을 조명하다, ~을 비추다[밝히다]"
19 단원,cast light on,"~을 밝히다, ~을 조명하다"
19 단원,level off,안정되다[시키다]
20 단원,tendency,"경향[성향], 기질; 동향, 추세"
20 단원,inclination,"경향[성향], 기질; 기울기, 경사도"
20 단원,adjust,"조정[조절]하다; 적응하다, 순응하다"
20 단원,hierarchy,"계급, 계층, 서열; (pl.)지배층"
20 단원,illuminate,"(빛을) 비추다, 조명하다; 설명하다; 계몽하다"
20 단원,overshadow,"그늘지게 하다, 어둡게 하다; 우울하게 하다"
20 단원,fallacy,오류; 잘못된 생각
20 단원,relief,"안도, 위안; 경감, 완화; 구호(품)"
20 단원,emit,(빛·열 등을) 내다[내뿜다]
20 단원,exhale,"(숨을) 내쉬다, 내뿜다; 발산하다"
20 단원,bay,"만(灣); 궁지, 몰린 상태"
20 단원,wetland,"습지, 습지대"
20 단원,regress,"되돌아가다; 퇴행[퇴보]하다; 귀환, 복귀; 퇴행[퇴보]"
20 단원,establishment,"설립[수립], 확립; 기관, 시설; 기득권층"
20 단원,randomization,무작위[임의] 추출
20 단원,adore,"흠모하다, 아주 좋아하다"
20 단원,cooperation,"협력, 협동"
20 단원,corporation,"기업[회사], 법인"
20 단원,remainder,"나머지, 잔여; (pl.)유적, 유물; 나머지의"
20 단원,reminder,"생각나게 하는 것[사람], (상기시키는) 신호[조언]"
20 단원,hypothetical,가설[가정]의; 가상적인
20 단원,complement,"보완(물), 보충(물); 보완하다, 보충하다"
20 단원,compliment,"칭찬, 찬사; 칭찬하다, 찬사를 보내다"
20 단원,discharge,"(짐을) 내리다; (개체 등을) 방출[배출]하다; 해고하다; 석방[해방]하다; 제대시키다; 이행하다; 방출, 배출(물); 해고; 해방[석방]; 제대"
20 단원,when it comes to,"~에 관한 한, ~에 대해서라면"
20 단원,in proportion to,"~에 비례하여, ~과 균형을 이루어"
20 단원,around the clock,"24시간 내내, 밤낮으로"
20 단원,for fear of,"~을 두려워하여, ~이 없도록"
20 단원,so as to do,"~하도록, ~하기 위해서"
20 단원,make a point of,"~을 꼭 하기로 되어 있다, ~을 늘 하다"
21 단원,genetic,유전(학)의
21 단원,minimize,"최소화하다; 과소평가하다, 얕보다"
21 단원,coordinate,"조정하다; 조직화[편성]하다; 동격의, 동등한"
21 단원,arrange,정리하다; 배열하다; (분쟁 등을) 조정하다; 준비[마련]하다
21 단원,amplify,"증폭시키다, 확대하다; 상세히 설명하다"
21 단원,bud,"싹을 틔우다, 발아하다; 싹, 눈; 꽃봉오리"
21 단원,intuition,직관(력); 직감
21 단원,dominance,"지배(력), 권세; 우세, 우위"
21 단원,empirical,"경험적인, 실증적인"
21 단원,cue,신호; 단서; 신호를 보내다
21 단원,obesity,"비만, 비대"
21 단원,rationalist,이성[합리]주의자
21 단원,estimation,"판단, 평가; 의견; 추정, 견적(액)"
21 단원,assessment,평가[사정]; 평가액
21 단원,agenda,"의제, 안건"
21 단원,immature,미숙한; 미완성의; 미성년
21 단원,subsequent,"그 후의, 뒤이은; 연속되는"
21 단원,consequent,"결과로 일어나는; (논리상) 필연의; 결론, 결과"
21 단원,latitude,"위도; 지역, 지방; (행동·사상 등의) 허용 범위"
21 단원,altitude,"고도, 높이; 높은 곳"
21 단원,temper,"기질, 성질; 기분; 차분함, 침착; 완화[경감]하다"
21 단원,immense,"거대한, 막대한; 엄청난"
21 단원,immerse,"몰입[몰두]하게 하다; (액체에) 가라앉히다, 잠그다"
21 단원,owe,"(돈을) 빚지고 있다; ~ 덕분이다, 신세[은혜]를 지고[입고] 있다; ~에게 (어떤 감정을) 품고 있다"
21 단원,an army of,많은 (수의); ~(의) 무리[집단]
21 단원,in stock,"비축되어, 재고로"
21 단원,at stake,"성패가 달려 있는, 위태로운"
21 단원,for one’s own sake,~ 자체를 위하여
21 단원,specialize in,"~을 전문으로 하다, ~을 전공하다"
21 단원,make for,~에 도움이 되다; ~ 쪽으로 가다[향하다]
22 단원,acquire,"얻다, 습득하다, (재산 등을) 취득하다"
22 단원,inhabitant,"주민, 거주자; 서식 동물"
22 단원,dedicate,"(시간·노력을) 바치다, 전념[헌신]하다"
22 단원,therapist,"치료 전문가, 치료사"
22 단원,envelope,"봉투, 싸는 것; 외피"
22 단원,envision,"마음에 그리다, 상상하다"
22 단원,visualize,"마음에 그리다, 상상하다; 시각화하다"
22 단원,capital,"자본(금), 자산; 수도; 대문자; 자본의, 자산의; 가장 중요한; 수도의; 대문자의"
22 단원,alignment,"일직선; 정돈, 정렬; 동맹, 제휴"
22 단원,disorder,"어수선함, 무질서; (심신 기능의) 장애"
22 단원,regime,"정권; 체제, 제도"
22 단원,impend,(위험 등이) 임박[절박]하다
22 단원,abuse,악용[남용/오용]하다; 악용[남용/오용]; 학대하다; 모욕하다; 학대; 모욕
22 단원,exemplify,예증[예시]하다; ~의 좋은 예가 되다
22 단원,oblige,"의무를 지우다, 강요하다; ~에게 은혜를 베풀다"
22 단원,compel,"강요[강제]하다, 억지로 시키다"
22 단원,landfill,(쓰레기) 매립지; (쓰레기) 매립
22 단원,flash,"번쩍임, 섬광; 번쩍이다, (빛을) 비추다"
22 단원,flush,"붉어지다, 상기되다; (물이) 쏟아져 나오다; 홍조; 물을 왈칵 쏟음"
22 단원,flesh,"살, 고기; 육체; 과육"
22 단원,optical,"눈의, 시각[시력]의; 광학의"
22 단원,optimal,"최선의, 최적의"
22 단원,optimistic,"낙관적인, 낙관하는"
22 단원,draft,"원고, 초안; 밑그림; 징병, 소집; 끌기, 견인(력); 초안을 작성하다; 밑그림을 그리다; 징병[소집]하다"
22 단원,at all costs,"어떤 대가를 치르더라도, 무슨 수를 써서라도"
22 단원,little more than,"~에 불과한, ~에 지나지 않는"
22 단원,at the sight of,~을 보고[보자마자]
22 단원,be armed with,~로 무장하다; ~을 갖추고 있다
22 단원,split up,~을 분리하다; 헤어지다
22 단원,make out,~을 이해하다[알다]; 문서 등을) 작성하다
23 단원,trample,"짓밟다, 밟아 뭉개다; 짓밟음"
23 단원,breathe,"숨을 쉬다, 호흡하다"
23 단원,integrate,통합되다[시키다]
23 단원,molecule,분자
23 단원,equip,(~에 필요물을) 갖추게 하다; 장비하다
23 단원,immigration,"이민, 이주; 이민자; 출입국 심사"
23 단원,tame,"길들여진, 순한; 길들이다"
23 단원,domesticate,"길들이다, 가축화하다; 재배하다"
23 단원,overall,"전체의, 종합[전반]적인; 전체적으로, 종합[전반]적으로"
23 단원,catastrophic,대이변[큰 재앙]의; 파멸적인
23 단원,devastating,"(완전히) 파괴적인, 황폐시키는"
23 단원,alley,골목(길); 오솔길
23 단원,indefinite,"한계가 없는, 무기한의; 분명하지 않은"
23 단원,accordance,"일치; 부합; 수여, 인가"
23 단원,obscure,"분명하지 않은, 모호한; 무명의; 어두운; 흐릿한; 어둡게 하다; 흐릿하게 하다; 모호하게 하다"
23 단원,blur,"흐림; 흐릿한 형체; 흐리게 하다, 흐려지다"
23 단원,consensus,"(의견 등의) 일치, 합의"
23 단원,conscientious,"양심적인, 성실한"
23 단원,stack,"더미[무더기]; 퇴적; 쌓다; 많음, 다량"
23 단원,stock,"재고(품); 비축; 주(식), 증권; 가문, 혈통; 종족; 비축하다"
23 단원,souvenir,"기념품, 선물"
23 단원,limb,"(사람·동물의) 팔[다리], (새의) 날개; (나무의) 큰 가지"
23 단원,limp,"기운이 없는, 축 처진; 절뚝거리다; 느릿느릿 가다; 절뚝거림"
23 단원,odd,"이상한, 특이한; 가끔[이따금]의; 홀수의, 한 짝의; 남은, 여분의"
23 단원,attend to,~을 돌보다; ~에 주의를 기울이다
23 단원,look out for,"~을 조심하다, ~에 주의하다"
23 단원,at variance with,~과 상충하는; ~와 사이가 안 좋은
23 단원,from one’s point of view,~의 관점에서 보면
23 단원,take ~ seriously,~을 진지하게[심각하게] 생각하다
23 단원,read between the lines,"행간을 읽다, 속뜻을 읽다"
24 단원,crop,(농)작물; 수확량; 자르다; (농작물을) 수확하다; 재배하다
24 단원,harvest,"수확, 추수; 수확물; 수확하다; 채취하다"
24 단원,statistic,"통계치, 통계량"
24 단원,mechanical,기계의; 기계로 작동되는; 기계학[역학]의
24 단원,mysterious,신비한; 불가사의한; 비밀의
24 단원,equivalent,같은; 상당[대응]하는; (~과) 같은 것; 대응물
24 단원,inherit,상속받다; (유전적으로) 물려받다
24 단원,transmission,전달[전파]; 전염; 송신; 방송
24 단원,drastic,"급격한; 과감한, 극단적인"
24 단원,gradual,"점진적인, 서서히 일어나는"
24 단원,caterpillar,"애벌레, 모충"
24 단원,acoustic,음향의; 청각의
24 단원,fetus,(임신 9주후의) 태아
24 단원,reinforcement,"보강, 강화; 보강재"
24 단원,altruist,이타주의자
24 단원,inevitability,"불가피함, 필연성"
24 단원,intake,"섭취(량), 흡입(량); (입학·채용 등의) 인원수"
24 단원,deplete,격감시키다; 고갈시키다
24 단원,replete,"가득 찬, 충만한; 포식을 한"
24 단원,marvel,"놀라운 일, 경이; 놀라다, 경탄하다"
24 단원,marble,대리석; 구슬; 대리석의
24 단원,improvise,즉석에서 하다[만들다]; 즉흥 연주를 하다
24 단원,impoverish,"가난하게 하다; (질을) 떨어뜨리다, 저하시키다"
24 단원,prompt,"즉석의, 즉각적인; 신속한, 기민한; 시간을 엄수하는; 자극하다, 촉진하다; (사상·감정을) 불어넣다"
24 단원,attribute to,"~ 때문이라 여기다, ~ 덕분으로 돌리다"
24 단원,make room for,~을 위한 공간을 만들다; ~에게 자리를 양보하다
24 단원,be accompanied by,~와 동반하다; ~을 수반하다
24 단원,in retrospect,돌이켜 생각해 보면
24 단원,take the place of,~을 대신[대리]하다
24 단원,rip away,~을 떼내다[벗기다]
25 단원,evolution,"진화; 발전, 진전"
25 단원,aesthetic,"미학적인, 미적인; 미적 특질, 미학"
25 단원,merchant,상인
25 단원,privilege,"특권, 특혜; ~에게 특권을 주다"
25 단원,magnify,확대하다; 과장하다
25 단원,exaggerate,과장하다; 지나치게 강조하다
25 단원,animate,생명을 주다; 활기를 띠게 하다; 만화 영화로 하다; 생명이 있는; 활기 있는
25 단원,inspection,"조사, 점검; 시찰"
25 단원,leak,"누출; 새는 곳; (비밀의) 누설[유출]; 새다, 새게 하다; 누설[유출]하다"
25 단원,enlightenment,"계몽[계발]; 계몽 운동; 깨달음, 이해"
25 단원,insight,"통찰력; 이해, 간파"
25 단원,chamber,"방, (특정 목적용) 실"
25 단원,flourish,"번성[번영]하다; (동식물이) 성장하다, 무성하다"
25 단원,remark,"주목, 인지; 주목하다, 인지하다; 언급, 논평; 언급하다, 논하다"
25 단원,intensity,"강렬함, 격렬함; 강도, 세기"
25 단원,severity,"격렬, 혹독; 엄격, 엄함"
25 단원,turmoil,혼란; 소란[소동]
25 단원,adapt,"적응하다, 순응시키다; 각색[편곡]하다"
25 단원,adopt,"채택하다, 받아들이다; 입양하다"
25 단원,despise,"경멸하다, 멸시하다; 혐오하다"
25 단원,despite,prep. ~에도 불구하고
25 단원,reside,"살다, 거주하다; 존재하다, 있다"
25 단원,resign,사직[사임]하다; (권리 등을) 포기하다
25 단원,bear,"참다, 견디다; (무게를) 지탱하다; (아이를) 낳다; (열매를) 맺다; (책임 등을) 감당하다, 떠맡다; (칭호·특징 등을) 가지다, 지니다"
25 단원,be obliged to do,"~해야 하다, 하는 수 없이 ~하다"
25 단원,miss out on,~을 놓치다
25 단원,be comprised of,~으로 구성되다[이루어지다]
25 단원,get in the way of,~에 방해가 되다
25 단원,tear down,~을 허물다[철거하다]; ~을 파괴하다
25 단원,rob ~ of …,~에게서 …을 앗아 가다
26 단원,intelligence,"지능, 사고력; 지성; 정보, 기밀"
26 단원,appeal,간청[애원]하다; (법 등에) 호소하다; 흥미[관심]를 끌다; 간청[애원]; 호소; 매력
26 단원,formula,"공식, 식; (일정한) 방식, 법칙"
26 단원,myth,"신화; 근거 없는 믿음, 통념"
26 단원,scatter,"(흩)뿌리다, 살포하다; 흩어지다, 흐트러뜨리다"
26 단원,assemble,"모이다, 모으다, 집합시키다; (기계 등을) 조립하다"
26 단원,forage,(식량·먹이를) 찾아 돌아다니다; (소·말의) 사료
26 단원,mandate,(권한) 위임; ~에게 권한을 위임하다; 명령[지시]; 명령[지시]하다
26 단원,landmark,"획기적인 사건[발견]; 주요 지형지물, 역사적 건물"
26 단원,monument,"기념비; 유물, 유적"
26 단원,foliage,(한 그루 초목의) 잎
26 단원,commentary,논평; 해설
26 단원,parameter,한도[한계]; (한정) 요소; 매개 변수
26 단원,fond,"좋아하는; 애정이 담긴, 다정한"
26 단원,appoint,임명[지명]하다; (시간·장소를) 정하다
26 단원,designate,지시[명시]하다; 지명[임명]하다; 지정하다
26 단원,undertake,"떠맡다, 책임을 지다; 착수하다"
26 단원,crave,갈망[열망]하다
26 단원,carve,"새기다, 조각하다"
26 단원,stationary,정지한; 고정된; 변화가 없는
26 단원,stationery,문구류; 문방구
26 단원,overlook,내려다보다; 간과하다; 눈감아 주다; 감독[감시]하다
26 단원,overload,"과적하다; 지나치게 부담시키다; 과적, 과부하"
26 단원,spell,"철자를 말하다[쓰다]; 주문, 마법; 매력, 매혹; 잠깐의 시간, 한동안"
26 단원,draw on,~을 활용하다; ~에 의지하다
26 단원,on hand,"이용할 수 있는, 구할[얻을] 수 있는"
26 단원,be confined to,~에 국한[한정]되다
26 단원,get over,"(곤란을) 극복하다, ~을 넘다; (병에서) 회복되다"
26 단원,the other way around,"반대로, 거꾸로"
26 단원,rush out of,"~로부터 (급히) 달려 나오다, ~로부터 빠져나오다"
27 단원,suppose,"가정하다, 상상하다; 생각하다, 추정하다"
27 단원,foster,"촉진하다, 육성[조장]하다; 기르다, 양육하다"
27 단원,gratify,기쁘게 하다; 만족[충족]시키다
27 단원,partial,"부분적인, 불완전한; 편애하는; 편파적인"
27 단원,suburb,"교외, 근교"
27 단원,fungus,"균류, 곰팡이류; 버섯(pl. fungi)"
27 단원,manifest,"명백한, 분명한; 명시하다; (감정 등을) 표명하다; 증명하다; (재귀적 용법) 나타내다"
27 단원,facilitate,가능하게[용이하게] 하다; 촉진하다
27 단원,confrontation,"대치, 직면"
27 단원,penetrate,"관통하다, 침투하다; (의미 등을) 간파하다"
27 단원,pierce,"뚫다, 관통하다; 간파하다, 통찰하다"
27 단원,intersection,"가로지름, 교차; 교차 지점"
27 단원,uneven,"평평하지 않은, 울퉁불퉁한; 불규칙한; 고르지 않은"
27 단원,ridiculous,우스운; 터무니없는
27 단원,armor,갑옷; ~에게 갑옷을 입히다
27 단원,antagonistic,"적대적인, 반대의"
27 단원,hostile,"적의; 적대하는, 반대하는"
27 단원,vein,정맥; 혈관; (식물의) 잎맥
27 단원,vain,"헛된, 무익한; 자만심이 강한, 허영적인"
27 단원,simulate,"가장하다, 흉내 내다; 모의 실험[시뮬레이션]하다"
27 단원,stimulate,자극[고무]하다; 기운을 돋우다
27 단원,probe,"철저히 조사하다, 탐사[탐구]하다; 철저한 조사; 무인 우주 탐사선"
27 단원,prove,"입증[증명]하다, ~으로 판명되다"
27 단원,bow,"절하다, (고개를) 숙이다; 굴종[굴복]하다; 절, 인사; (바이올린 등을) 활로 연주하다[켜다]; 활; 곡선; 나비 매듭"
27 단원,in accordance with,"~에 따라(서), ~에 부합되게"
27 단원,out of the blue,"갑자기, 난데없이"
27 단원,be curious about,"~을 궁금해하다, ~을 알고 싶다"
27 단원,give in to,(~에) 굴복[항복]하다
27 단원,to the extent that,"~하는 정도까지, ~의 범위에서"
27 단원,rush through,~을 서둘러 처리하다
28 단원,reputation,"평판, 명성"
28 단원,prestige,"위신, 명성; 위신 있는, 일류의"
28 단원,grab,"붙잡다, 움켜잡다; 가로채다, 횡령하다; 잡아채기, 움켜쥐기; 강탈, 횡령"
28 단원,plasticity,"가소성; 적응성, 유연성"
28 단원,theorist,이론가
28 단원,gut,"소화관; 장(腸); (pl.)용기, 배짱; 직감; 직감에 따른"
28 단원,metaphorical,은유[비유]의
28 단원,utensil,"(가정에서 사용하는) 기구, 도구"
28 단원,setback,"방해, 차질; 좌절, 패배"
28 단원,reversal,"반전, 역전; 좌절, 실패"
28 단원,wreckage,"난파, 난선; (난파선의) 잔해"
28 단원,nutritional,영양(상)의
28 단원,decode,(암호를) 해독하다; 의미를 이해하다
28 단원,affection,"애착, 호의; (pl.)애정; 감정, 기분"
28 단원,scope,"(관찰·활동의) 범위, 영역; 기회, 여지; 조사하다"
28 단원,artifact,인공물; 공예품
28 단원,niche,"(꼭 알맞은) 지위[자리], 적소; (시장의) 틈새"
28 단원,friction,"마찰 (저항); 알력, 불화"
28 단원,fraction,"부분, 일부; 아주 조금; 파편; 분수"
28 단원,ascribe,(원인·기원을) ~에 돌리다; ~에 속하는 것으로 생각하다
28 단원,inscribe,"쓰다, 새기다; 헌정[증정]하다"
28 단원,exploration,탐험[답사]; 탐구
28 단원,exploitation,"개발, 개척; 이용, 착취"
28 단원,appreciation,"진가를 알기, 올바른 인식; 감상, 이해; 감사, 존중; (상황·인물에 대한) 평가, 의견"
28 단원,in the long run,"결국, 마침내"
28 단원,put together,~을 합하다; ~을 조립하다; ~을 준비하다[만들다]
28 단원,be dedicated to,~에 전념하다
28 단원,commit oneself to,~에 전념[헌신]하다
28 단원,have ~ in mind,~을 염두에 두다[생각하다]
28 단원,scale up,(크기·규모를) 확대하다[늘리다]
29 단원,ultimate,"궁극적인, 최후의; 근본[기본]적인; 궁극의 것, 최종 결과; 근본 원리"
29 단원,threaten,위협[협박]하다
29 단원,impulse,"충동, 자극; 충격"
29 단원,urge,"재촉[촉구]하다; 강요하다; 격려[권유]하다; (강한) 욕구, 충동"
29 단원,irrelevant,"무관한, 부적절한"
29 단원,manuscript,원고; 필사본
29 단원,pivotal,"회전축의; 중추적인, 중요한"
29 단원,ally,"동맹국; (pl.)연합국; 동맹[협력]자; 동맹을 맺다, 연합하다"
29 단원,hindrance,"방해, 저해; 장애물"
29 단원,obstacle,"장애(물), 방해(물)"
29 단원,sculptor,조각가
29 단원,aspirational,열망[대망]의
29 단원,tropic,회귀선(回歸線); (pl.)열대지방; 열대의
29 단원,conversion,"전환, 개조; 개종"
29 단원,paralysis,"마비; 중풍; 무(기)력, 불능"
29 단원,cuisine,요리; 요리법
29 단원,pitfall,함정; 위험[곤란]
29 단원,endeavor,"노력, 시도; 노력하다, 시도하다"
29 단원,endear,~의 사랑[호감]을 받게 하다
29 단원,futile,"헛된, 무익한"
29 단원,fertile,"(땅이) 비옥한, 기름진; (사람·동식물이) 번식력이 있는, 다산인"
29 단원,fragment,"(부서진) 조각, 파편; 단편; 산산이 부서지다"
29 단원,fragrant,향기로운; 방향성의
29 단원,secure,"안전한, 튼튼한; 안심[확신]하는; 보증된, 걱정 없는; 안전하게 하다, 고정시키다; 얻어 내다, 확보[획득]하다"
29 단원,in turn,차례차례; 결국[결과적으로]
29 단원,range from ~ to ...,(범위가) ~에서 …까지 이르다
29 단원,be in charge of,~을 담당하다[맡다]
29 단원,have to do with,~과 관계가 있다
29 단원,try out,~을 시도[시험]해 보다
29 단원,set aside,"~을 떼어 놓다, 따로 두다; ~을 고려하지 않다[무시하다]"
30 단원,assumption,"가정, 추정; 떠맡기, 인수"
30 단원,inference,"추론, 추리; 추정; 함축된 의미"
30 단원,deny,"부인[부정]하다; 거절하다, 주지 않다"
30 단원,maintenance,유지; 보수 (관리)
30 단원,reference,"언급 (대상); 참고, 참조; 문의, 조회"
30 단원,assert,"주장[옹호]하다, 단언하다"
30 단원,marginalize,사회에서 소외하다
30 단원,paradoxical,역설적인; 모순된
30 단원,overlap,"겹치다, 겹쳐지다; 중복되다; 중복 (부분)"
30 단원,misperception,"오인, 오해"
30 단원,dazzle,눈부시게 하다; 현혹시키다; 눈부심; 현혹
30 단원,precedent,"선례, 전례; 관례"
30 단원,alteration,"변경, 개조; 변화"
30 단원,retention,"보유, 유지; 기억; 기억력"
30 단원,induce,설득[권유]하다; 유발[초래]하다
30 단원,trigger,"(사건·반응 등을) 유발하다; (방아쇠를) 당기다; 계기, 도화선; 방아쇠"
30 단원,obsess,"사로잡다, 집착하게 하다"
30 단원,obese,"비만의, 뚱뚱한"
30 단원,ratio,"비율, 비(比)"
30 단원,ration,배급[할당]하다; 배급[할당]량
30 단원,dismay,"경악, 당황; 실망; 당황하게 만들다; 크게 실망시키다"
30 단원,fuse,"녹이다, 융해하다; 결합[융합]되다[시키다]; (폭약의) 도화선; 퓨즈"
30 단원,fuss,"호들갑, 야단법석; 법석[호들갑]을 떨다"
30 단원,plain,"분명한, 명백한; 간단한, 알기 쉬운; 솔직한, 숨김[꾸밈]없는; 평범한, 소박한; (pl.)평원, 평지"
30 단원,look up,(정보 등을) 찾아보다; 올려다보다
30 단원,resort to,~에 의지하다[기대다]; ~에 호소하다
30 단원,be in one’s shoes,~의 입장이 되어 (보다)
30 단원,hold on to,~을 고수하다[지키다]; ~을 계속 보유하다
30 단원,turn into,"~으로 변하다, ~이 되다"
30 단원,set forth,"출발하다, (여행길에) 오르다; (의견을) 말하다[발표하다]"
31 단원,fundamental,근본[기본]적인; 중요[주요]한; 근본[기본]; 원칙
31 단원,stimulus,"자극, 격려; 자극제(pl. stimuli)"
31 단원,endemic,"지방 특유의, 풍토성의; 지방병, 풍토병"
31 단원,influential,영향력 있는; 유력한; 영향력을 가진 사람
31 단원,peasant,"농부, 소작농; 농민의"
31 단원,permanent,영구[영속]적인
31 단원,fleeting,잠깐의; 덧없는
31 단원,multitude,"다수, 대량; 군중, 많은 사람"
31 단원,deception,"속임(수), 기만; 사기"
31 단원,integrity,"성실, 정직, 청렴; 완전(한 상태)"
31 단원,premise,"전제, 가정; 전제로 하다, 가정하다"
31 단원,humiliate,"굴욕감을 느끼게 하다, 창피를 주다"
31 단원,deteriorate,"나빠지다, 악화되다[시키다]"
31 단원,proprietary,소유(자)의; 독점의
31 단원,meadow,"목초지, 초원"
31 단원,procession,"행렬, 행진; 진행"
31 단원,wage,"임금, 급료; (전쟁·투쟁을) 행하다"
31 단원,council,"회의; (지방) 의회, 협의회"
31 단원,counsel,"상담, 의논; 조언, 충고; 상담하다; 조언하다, 충고하다"
31 단원,commerce,상업; 무역
31 단원,commence,시작되다[하다]
31 단원,fright,"공포, 경악"
31 단원,freight,화물; 화물 운송; 화물을 싣다; 운송하다
31 단원,plot,"줄거리, 구상; 음모, 계략; 작은 땅, 대지; 줄거리를 만들다; 음모를 꾸미다"
31 단원,rule out,~을 제외시키다[배제하다]; ~을 불가능하게 하다
31 단원,for the benefit of,"~를 위하여, ~의 이익을 위하여"
31 단원,on behalf of,~를 대신[대표]하여; ~를 위하여
31 단원,pass away,사망하다; (존재하던 것이) 없어지다
31 단원,wear out,"닳다, ~을 닳게 하다; ~을 지치게 하다"
31 단원,settle in,(새집·직장 등에) 적응하다
32 단원,representation,"묘사, 표현; 대리, 대표; 초상(화), 이미지"
32 단원,disaster,"재난, 재해; 불행; 큰 실패"
32 단원,violate,"위반하다, 어기다; 침해하다, 침입하다"
32 단원,mediation,"조정[중재], 매개; 화해"
32 단원,victim,"희생(자), 피해자; 제물"
32 단원,offender,"범죄자, 위반자"
32 단원,candidate,후보[출마자]; 지원자
32 단원,intervene,"개입하다, 중재[조정]하다; (사이에) 끼어들다"
32 단원,physiology,생리학; 생리 (기능)
32 단원,poisonous,"독이 든, 유독[유해]한"
32 단원,prevalent,"널리 퍼진, 유행하고 있는; 우세한, 유력한"
32 단원,antibiotic,"항생제, 항생 물질; 항생 작용의"
32 단원,soothe,"달래다, 진정시키다; (고통 등을) 덜어 주다"
32 단원,startle,"깜짝 놀라게 하다, 깜짝 놀라다"
32 단원,barter,"물물 교환하다, 교역하다; 물물 교환, 교역"
32 단원,adhere,"들러붙다, 부착하다; 집착하다, 고수하다"
32 단원,flake,"얇은 조각, 파편; 벗겨지다; 떨어지다"
32 단원,detest,"몹시 싫어하다, 혐오하다"
32 단원,detect,"찾아내다, 발견하다; 감지[탐지]하다"
32 단원,regain,"되찾다, 회복하다; 되돌아가다, 복귀하다"
32 단원,retain,보유[유지]하다; 기억해 두다
32 단원,suppress,"억누르다, 진압하다; 금지[폐지]하다; 숨기다, 은폐하다"
32 단원,surpass,"~보다 낫다, 능가하다; (범위·한계에서) 넘다"
32 단원,sheer,"순전한, 완전한; (직물이) 비치는, 매우 얇은; 깎아지른 듯한, 몹시 가파른"
32 단원,put ~ in perspective,~을 전체적인 시야에서 보다
32 단원,set out,"출발하다, (여행을) 시작하다; 착수하다"
32 단원,be true for,~에 해당하다[적용되다]
32 단원,identify with,~와 동일시하다[동질감을 갖다]
32 단원,be engaged in,"~에 몰두하다, ~으로 바쁘다; ~에 종사하다"
32 단원,slip one’s mind,"잊어버리다, 생각나지 않다"
33 단원,agent,"대리[중개]인; 행위자, 주체; 첩자, 스파이; 요인, 동인(動因)"
33 단원,emphasis,"강조, 역설; 주안점"
33 단원,accommodate,"숙박시키다, 수용하다; 편의를 도모하다; (환경 등에) 적응하다[시키다]"
33 단원,constitution,"구성, 구조, 조직; 체질, 성질; 헌법; 규약"
33 단원,certificate,증명서; 자격증; 인증하다; 증명서를 주다
33 단원,magnitude,"(큰) 규모, 크기; 중요성; 위대함"
33 단원,restriction,"제한[한정]; 제약, 규정"
33 단원,constraint,"강제, 압박; 제한, 속박"
33 단원,primitive,"원시 (시대)의, 원시적인; 유치한, 소박한"
33 단원,straightforward,"똑바른, 똑바로 향한; 정직한, 솔직한; 간단한, 쉬운"
33 단원,outweigh,"~보다 중요하다, 능가하다; ~보다 무겁다[크다]"
33 단원,override,"~보다 우위에 서다, ~에 우선하다; 무시하다; 무효화하다"
33 단원,deed,"행위[행동]; 공적, 위업"
33 단원,arbitrary,"임의의, 제멋대로인; 독단적인, 전제적인"
33 단원,specify,"명시하다, 명확히[구체적으로] 말하다"
33 단원,burrow,"(토끼 등의) 굴, 은신처; (구멍·굴을) 파다"
33 단원,imprison,투옥[수감]하다; 감금하다
33 단원,emergency,비상[긴급] 사태
33 단원,emergence,"발생, 출현; 탈출"
33 단원,devour,"게걸스레 먹다; 집어삼키다, 파괴하다"
33 단원,detour,"우회; 우회로; 둘러 가다, 우회하다"
33 단원,banish,"추방하다, 유배를 보내다; 쫓아 버리다; (걱정 등을) 덜어 없애다"
33 단원,vanish,"사라지다, 자취를 감추다"
33 단원,stake,"말뚝, 화형대; 이해관계; (내기·도박 등에) 건 돈; (pl.)상금; 말뚝에 매다; (돈·생명 등을) 걸다"
33 단원,rest on,~에 기초하다; ~에 달려 있다[의지하다]
33 단원,settle down,정착하다; 진정되다[시키다]
33 단원,in a snap,"순식간에, 당장에"
33 단원,squeeze in,~을 위한 짬을 내다; ~에 비집고 들어가다
33 단원,break into,~에 침입하다; (갑자기) ~하기 시작하다
33 단원,trace back to,기원을 ~로 거슬러 추적하다
34 단원,evaluate,평가[감정]하다
34 단원,glow,"불빛; 빛나다, 빛을 내다; 홍조; 상기되다, 발개지다"
34 단원,compensate,보상하다; 보충[벌충]하다; (보수·급료를) 지불하다
34 단원,crack,"금; 날카로운 소리; 금이 가다, 금이 가게 하다; 날카로운 소리를 내다"
34 단원,copyright,저작권[판권]; 저작권[판권]이 있는; 저작권으로 보호하다
34 단원,metabolic,(신진) 대사의
34 단원,spice,"양념, 향신료; 흥취, 묘미; 양념을 치다"
34 단원,rage,"격노, 분노; (비·바람 등의) 격렬, 맹렬; 격노하다; 사납게 휘몰아치다"
34 단원,diagnose,(병을) 진단하다; (문제 등의) 원인을 분석하다
34 단원,propel,"나아가게 하다, 추진하다; 촉구하다, 몰아대다"
34 단원,assault,"공격, 폭행; 공격하다, 폭행하다"
34 단원,imposition,"부과, 과하기; 부과물; 세금; 부담[짐]"
34 단원,spectator,"관중, 구경꾼; 방관자"
34 단원,carbohydrate,탄수화물
34 단원,nasty,"더러운, 불결한; (맛·냄새 등이) 메스꺼운, 역겨운; 심술궂은, 악의가 있는"
34 단원,foul,"더러운, 불결한; 상스러운; 반칙의, 부정한; 더럽히다; 부패하다; 반칙을 범하다; 반칙, 부정행위"
34 단원,nomad,유목민; 방랑자
34 단원,reap,"거두다, 수확하다"
34 단원,leap,"뛰다, 도약하다; 급격히 상승하다; 도약; 급증, 급등"
34 단원,impart,"(정보·비밀 등을) 알리다, 전하다; (나누어) 주다"
34 단원,import,"수입하다, 들여오다; 수입(품)"
34 단원,gasp,헐떡거림; 숨 막힘; 헐떡거리다; 숨이 막히다
34 단원,grasp,"붙잡다, 움켜쥐다; 붙잡기; 파악하다, 이해하다; 파악, 이해"
34 단원,mass,"덩어리; 다수, 다량; 대부분; 무리, 집단; (pl.)대중; 질량; 크기, 부피; 대량의; 대중의; 대규모의"
34 단원,stand up to,~에 맞서다[저항하다]
34 단원,show up,"나타나다, 나타내 보이다"
34 단원,beyond one’s reach,"~의 손이 닿지 않는 (곳에), ~의 힘이 미치지 않는"
34 단원,in an attempt to do,"~하려는 시도로, ~하려고 시도하면서"
34 단원,at odds with,~와 불화하여[마찰을 빚어]; ~과 상충하여
34 단원,straighten out,(문제·상황 등을) 바로잡다[해결하다]
35 단원,precise,"정확한, 정밀한; (사람이) 꼼꼼한, 엄격한"
35 단원,agricultural,농업[농경]의; 농학의
35 단원,differentiate,구별[차별]하다
35 단원,discriminate,구별[판별]하다; 차별하다
35 단원,craftsman,"장인(匠人), 공예가"
35 단원,migrate,이주[이동]하다
35 단원,regional,지역[지방]의
35 단원,supervisor,"관리자, 감시자"
35 단원,dwell,살다[거주하다]
35 단원,prosper,번영[번창]하다; 성공하다
35 단원,thrive,"번성하다, 번창하다; (동식물이) 잘 자라다"
35 단원,assure,"보장[보증]하다; 확신시키다, 안심시키다"
35 단원,incorporation,"합체[합동], 결합; 법인 조직, 회사"
35 단원,enforcement,(법률의) 시행[집행]; 강요[강제]
35 단원,spiral,"나선, 소용돌이; 나선형의; 나선형으로 움직이다"
35 단원,collision,"충돌, 부딪침; (이해·의견의) 대립, 상충"
35 단원,neutralize,"무효화하다, 상쇄시키다; 중립화하다; (화학 물질을) 중화하다"
35 단원,perish,"죽다; 썩어 없어지다, 소멸하다"
35 단원,parish,(교회·성당의) 교구
35 단원,grand,"웅장한, 장려한; 성대한; (사람이) 위엄 있는, 당당한; 원대한, 숭고한"
35 단원,grant,"주다, 수여하다; 승인하다; 수여; 보조금; 허가, 인가"
35 단원,sting,"쏘다, 찌르다; 따끔하게 하다; 고민하게 하다, 괴롭히다; 쏘기, 찌르기; 찌르는 듯한 아픔"
35 단원,stink,"악취를 풍기다; 악취, 고약한 냄새"
35 단원,commission,"(공적인 조사 등을 하는) 위원회; 위임(장); 위임 (사항); 수수료; 위임하다, 권한을 주다; 의뢰하다, 주문하다"
35 단원,take turns,교대로[번갈아] 하다
35 단원,shy away from,~을 피하다
35 단원,blend in with,"~과 섞이다, ~과 조화를 이루다"
35 단원,in common,공동[공통]으로
35 단원,at one’s disposal,~의 마음대로 이용[사용]할 수 있게
35 단원,sum up,~을 요약하다
36 단원,predator,포식자; 육식 동물; 약탈자
36 단원,authority,"권위[권력], 권한; (pl.)당국"
36 단원,prioritize,우선시하다; 우선순위를 정하다
36 단원,refreshment,"원기 회복, 상쾌하게 함; 가벼운 식사, 다과"
36 단원,exclusive,"배타적인; 독점적인, 전용의; 독점권; 독점 기사"
36 단원,polar,"북극[남극]의, 극지의; 정반대의"
36 단원,surgery,"외과, (외과) 수술"
36 단원,restoration,복원[복구]; 반환; (제도 등의) 부활; 회복
36 단원,asymmetry,"비대칭, 부조화, 불균형"
36 단원,equilibrium,"평형, 균형; (마음의) 평정(pl. equilibria)"
36 단원,infectious,전염성[전염병]의
36 단원,spit,(침을) 뱉다; 침; 침을 뱉기
36 단원,compatible,"양립할 수 있는, 모순 없는; 호환이 되는"
36 단원,glance,"흘긋 봄; 흘긋 보다, 훑어보다"
36 단원,glimpse,흘긋 봄; 얼핏[흘긋] 보다
36 단원,dispel,(걱정 등을) 떨쳐 버리다[없애다]
36 단원,chronic,만성적인; 만성 질환을 앓고 있는
36 단원,chronicle,연대기; 연대순으로 기록하다
36 단원,disguise,"숨기다, 속이다; 변장[가장]하다; 변장[가장] (도구)"
36 단원,inhibit,억제[저해]하다; 금하다
36 단원,inhabit,"살다, 거주하다; 서식하다"
36 단원,potent,"강한, 강력한; 설득력 있는"
36 단원,potential,"잠재적인, 가능성이 있는; 잠재력, 가능성"
36 단원,lean,"기대다, 의지하다; (몸을) 기울이다, 숙이다; 마른, 야윈; 기름기가 적은"
36 단원,turn to,~에 의지하다; ~로 변화하다
36 단원,sooner or later,조만간
36 단원,in comparison with,"~에 비해서, ~과 비교해 볼 때"
36 단원,sign up for,"~에 등록[가입]하다, ~을 신청하다"
36 단원,take charge of,~의 책임을 지다; ~을 떠맡다[돌보다]
36 단원,answer for,~에 대해 책임지다; ~을 보증하다
37 단원,sincere,"진실된, 진심에서 우러난"
37 단원,contemporary,"동시대의; 현대의, 당대의; 동시대 사람, 동년배"
37 단원,ignorance,"무지, 무식"
37 단원,loyalty,"충실, 충성(심); 성실"
37 단원,exotic,"외국산의, 외래의; 이국적인; 외래종; 외래어"
37 단원,postpone,미루다[연기하다]
37 단원,tactic,전술; 전략[작전]
37 단원,reconcile,화해시키다; 조화시키다; 조정[중재]하다
37 단원,enact,(법률을) 제정하다; 상연하다; ~의 역을 연기하다
37 단원,restrain,"저지[제지]하다; (감정 등을) 억누르다, 억제하다"
37 단원,attainable,달성할[이룰] 수 있는; 도달할 수 있는
37 단원,initiative,"새로운 계획; 시작, 개시; 주도권; 처음의, 발단의"
37 단원,splendid,"화려한, 웅장한; 멋있는"
37 단원,complementary,보충하는; 서로 보완하는
37 단원,supplemental,"보충의, 추가의; 추가된 것"
37 단원,patron,"후원자, 보호자, 은인; 단골손님, 고객"
37 단원,outlook,"(미래의) 전망, 예측; 관점, 견해; 경치"
37 단원,ban,"금하다, 금지하다; 금지(령)"
37 단원,barn,헛간
37 단원,cluster,"떼, 무리; (포도 등의) 송이; 무리를 이루다, 모이다"
37 단원,clutter,"잡동사니, 어수선함; 소란; 흩뜨리다, 어지르다"
37 단원,align,"일직선으로 놓다[놓이다], 정렬하다; 같은 태도를 취하게 하다, 제휴시키다"
37 단원,assign,"할당하다, 배정하다; 임명[지정]하다"
37 단원,tense,"시제; (줄 등이) 팽팽한; 긴장한, 긴박한; 부자연스러운, 어색한; 팽팽하게 하다[되다]; 긴장하다[시키다]"
37 단원,venture into,"~으로 과감히 들어가다, 과감히 ~을 하다"
37 단원,bump into,~와 우연히 마주치다
37 단원,come upon,~을 우연히 만나다[발견하다]
37 단원,in exchange for,"~의 교환으로, ~의 대가로"
37 단원,turn down,~을 거절하다; ~을 약하게 하다; (소리 등을) 낮추다
37 단원,by accident,우연히
38 단원,adaptation,"적응[순응], 적합; 각색, 개조"
38 단원,commute,"통근; 통근하다; 교환하다, 대체하다"
38 단원,innate,"타고난, 선천적인; 본질적인"
38 단원,parliament,"의회, 국회"
38 단원,exploit,"(부당하게) 이용하다; 착취하다; (자원을) 개발하다, 활용하다"
38 단원,render,"(어떤 상태가 되게) 만들다[하다]; (원조 등을) 주다, 제공하다; 표현하다, 묘사하다"
38 단원,proliferation,"급증, 확산; 증식"
38 단원,ripen,"익(히)다, 성숙하다[시키다]"
38 단원,utilize,활용[이용]하다
38 단원,restructure,"재구성하다, 개조[개혁]하다"
38 단원,reorganize,"재조직하다[되다], 개편하다"
38 단원,attribution,"돌림, 귀속(歸屬); 특성, 속성"
38 단원,strap,"가죽 끈, 혁대; 끈으로 묶다; 반창고를 붙이다"
38 단원,constrict,"압축하다, 죄다; 억제[제한]하다"
38 단원,compress,압축[압착]하다; 간결하게 하다; 요약하다
38 단원,pension,"연금, 생활 보조금"
38 단원,defy,"도전하다, 맞서다, 반항하다; 무시하다, 문제 삼지 않다"
38 단원,diploma,"졸업장, 수료증; 자격증"
38 단원,diplomatic,외교(상)의; 외교에 능한
38 단원,subtraction,"빼기, 공제; 뺄셈"
38 단원,substitution,"대리, 대용; 대체; 대리인, 대용품"
38 단원,immoral,"부도덕한, 비도덕적인"
38 단원,immortal,"불사의, 불멸의; 불사의 인물"
38 단원,utter,"입 밖에 내다, 말하다; 발음하다; 공표하다, 유포하다; 전적인, 완전한; 무조건의, 단호한, 절대적인"
38 단원,be subject to,~의 영향을 받다; ~의 지배를 받다; ~에 걸리기 쉽다
38 단원,step in,"개입하다, 돕고 나서다"
38 단원,burst out,갑자기 ~하다; ~을 터뜨리다
38 단원,in line with,"~에 따라, ~에 일치[부합]하여"
38 단원,be obsessed with,"~에 사로잡히다, ~에 집착하다"
38 단원,get by,"그럭저럭 살아 나가다, 그럭저럭 해내다"
39 단원,emerge,"나오다, 나타나다; 드러나다, 밝혀지다"
39 단원,extensive,"넓은, 광대한; 광범위에 걸친, 포괄적인"
39 단원,comprehensive,"포괄적인, 종합적인; 이해력이 있는"
39 단원,marine,바다[해양]의; 선박의; 해군의
39 단원,pesticide,"살충제, 농약"
39 단원,launch,개시[착수]하다; 출시하다; 발사하다; 개시; 출시; 발사
39 단원,salient,"현저한, 두드러진; 핵심적인; 돌출한"
39 단원,unprecedented,"전례 없는; 새로운, 신기한"
39 단원,extraordinary,"비상[비범]한, 보통이 아닌; 별난, 놀라운"
39 단원,shovel,삽; 삽으로 파다
39 단원,renowned,"저명한, 유명한"
39 단원,profession,"직업, 전문직"
39 단원,rotation,회전; (지구의) 자전; 순환; 교대
39 단원,backfire,역효과를 낳다
39 단원,intermediate,중간의; 중급의; 중간에 있는 것; 중개인
39 단원,stun,기절시키다; 깜짝 놀라게 하다
39 단원,persistence,"고집, 끈기; 지속; 영속"
39 단원,miser,"구두쇠, 자린고비"
39 단원,misery,"비참함, 궁핍; 불행, 고뇌"
39 단원,condense,"응축하다[시키다], 압축[농축]하다; (사상·표현 등을) 요약하다, 간추리다"
39 단원,condemn,비난[힐난]하다; 선고하다; 운명짓다
39 단원,textile,"직물, 섬유; 직물의"
39 단원,textual,"원문[본문]의; 원문대로의, 문자대로의"
39 단원,bound,"경계, 한계; 경계를 긋다, 제한하다; (껑충껑충) 뛰다; 튀어 오르다; ~해야 하는; ~할 가능성이 큰; ~행의, ~에 가려고 하는"
39 단원,amount to,(합계가) ~에 이르다[달하다]; ~과 마찬가지다
39 단원,strive for,~을 위해 노력하다[힘쓰다]
39 단원,in respect of,~에 관해서는
39 단원,with regard to,"~과 관련하여, ~에 관해서는"
39 단원,blow up,"폭파하다, 터뜨리다; 화를 내다"
39 단원,ward off,"~을 물리치다, ~을 피하다"
40 단원,ethical,"윤리적인, 도덕(상)의"
40 단원,frequency,"빈도; 빈발, 잦음; 주파수; 진동수"
40 단원,overjoyed,매우 기뻐하는
40 단원,stereotype,"고정 관념, 정형화된 생각; 정형화하다"
40 단원,voluntary,"자발적인, 임의의; 고의의, 계획적인"
40 단원,soak,"(물에) 담그다, 흠뻑 적시다"
40 단원,drain,"배수하다, (물이) 빠지다; 소모시키다, 고갈시키다; 배수관, 방수로"
40 단원,replacement,"대체, 교체; 대체자[물]; 반환, 복직"
40 단원,estate,"토지; 사유지; 재산권, 부동산권"
40 단원,scarcity,"부족, 결핍; 드묾, 희귀"
40 단원,surplus,"나머지[잔여]; 과잉, 잉여물; 나머지[잔여]의; 과잉의, 잉여의"
40 단원,biosphere,생물권
40 단원,entangle,얽히게 하다; (덫 등에) 말려들게 하다
40 단원,intertwine,"뒤얽(히)다, 엮(이)다; 엉클어지다"
40 단원,subsidy,"보조금, 장려금"
40 단원,damp,"습기 찬, 축축한; 습기, 물기; 축축하게 하다"
40 단원,pillar,"기둥, 지주; 대들보; 기념비[탑]"
40 단원,segment,"단편, 조각, 부분; 나누다, 분할하다"
40 단원,sediment,"침전물, 퇴적물"
40 단원,competent,"유능한, (~할) 역량이 있는; 요구에 맞는, 충분한"
40 단원,competitive,경쟁의; 경쟁력이 있는
40 단원,sew,"꿰매다, 바느질하다"
40 단원,sow,"(씨를) 뿌리다, 심다"
40 단원,toll,"통행료, 사용세; 희생, 대가; 사상자 수; 종소리; 징수하다, 부과하다; (종 등이) 울리다, 치다"
40 단원,anything but,결코[전혀] ~이 아닌
40 단원,struggle with,"~로 고생하다, ~을 해결하려고 애쓰다"
40 단원,by nature,"선천적으로, 본래"
40 단원,in the face of,~에 직면하여; ~에도 불구하고
40 단원,bring ~ to life,"~에 생명[활기]을 불어넣다, ~을 회생시키다; (이야기 등을) 재미있게 하다"
40 단원,yield to,~에게 양보하다; ~에 굴복하다
